ID_Year,Year,ID_Antibiotic Class,Antibiotic_Class,Prescriptions_per_1000_Population,region
2011,2011,213,Cephalosporins,117,United States
2011,2011,213,Cephalosporins,182,Alabama
2011,2011,213,Cephalosporins,75,Alaska
2011,2011,213,Cephalosporins,117,Arizona
2011,2011,213,Cephalosporins,158,Arkansas
2011,2011,213,Cephalosporins,77,California
2011,2011,213,Cephalosporins,95,Colorado
2011,2011,213,Cephalosporins,113,Connecticut
2011,2011,213,Cephalosporins,120,Delaware
2011,2011,213,Cephalosporins,110,District of Columbia
2011,2011,213,Cephalosporins,92,Florida
2011,2011,213,Cephalosporins,116,Georgia
2011,2011,213,Cephalosporins,76,Hawaii
2011,2011,213,Cephalosporins,108,Idaho
2011,2011,213,Cephalosporins,105,Illinois
2011,2011,213,Cephalosporins,178,Indiana
2011,2011,213,Cephalosporins,152,Iowa
2011,2011,213,Cephalosporins,160,Kansas
2011,2011,213,Cephalosporins,213,Kentucky
2011,2011,213,Cephalosporins,152,Louisiana
2011,2011,213,Cephalosporins,81,Maine
2011,2011,213,Cephalosporins,98,Maryland
2011,2011,213,Cephalosporins,92,Massachusetts
2011,2011,213,Cephalosporins,136,Michigan
2011,2011,213,Cephalosporins,98,Minnesota
2011,2011,213,Cephalosporins,176,Mississippi
2011,2011,213,Cephalosporins,137,Missouri
2011,2011,213,Cephalosporins,84,Montana
2011,2011,213,Cephalosporins,180,Nebraska
2011,2011,213,Cephalosporins,95,Nevada
2011,2011,213,Cephalosporins,82,New Hampshire
2011,2011,213,Cephalosporins,115,New Jersey
2011,2011,213,Cephalosporins,93,New Mexico
2011,2011,213,Cephalosporins,108,New York
2011,2011,213,Cephalosporins,127,North Carolina
2011,2011,213,Cephalosporins,149,North Dakota
2011,2011,213,Cephalosporins,128,Ohio
2011,2011,213,Cephalosporins,132,Oklahoma
2011,2011,213,Cephalosporins,73,Oregon
2011,2011,213,Cephalosporins,106,Pennsylvania
2011,2011,213,Cephalosporins,101,Rhode Island
2011,2011,213,Cephalosporins,129,South Carolina
2011,2011,213,Cephalosporins,163,South Dakota
2011,2011,213,Cephalosporins,181,Tennessee
2011,2011,213,Cephalosporins,143,Texas
2011,2011,213,Cephalosporins,131,Utah
2011,2011,213,Cephalosporins,85,Vermont
2011,2011,213,Cephalosporins,124,Virginia
2011,2011,213,Cephalosporins,87,Washington
2011,2011,213,Cephalosporins,217,West Virginia
2011,2011,213,Cephalosporins,91,Wisconsin
2011,2011,213,Cephalosporins,108,Wyoming
2012,2012,213,Cephalosporins,115,United States
2012,2012,213,Cephalosporins,183,Alabama
2012,2012,213,Cephalosporins,69,Alaska
2012,2012,213,Cephalosporins,113,Arizona
2012,2012,213,Cephalosporins,177,Arkansas
2012,2012,213,Cephalosporins,74,California
2012,2012,213,Cephalosporins,91,Colorado
2012,2012,213,Cephalosporins,114,Connecticut
2012,2012,213,Cephalosporins,118,Delaware
2012,2012,213,Cephalosporins,109,District of Columbia
2012,2012,213,Cephalosporins,88,Florida
2012,2012,213,Cephalosporins,116,Georgia
2012,2012,213,Cephalosporins,75,Hawaii
2012,2012,213,Cephalosporins,106,Idaho
2012,2012,213,Cephalosporins,102,Illinois
2012,2012,213,Cephalosporins,169,Indiana
2012,2012,213,Cephalosporins,162,Iowa
2012,2012,213,Cephalosporins,160,Kansas
2012,2012,213,Cephalosporins,198,Kentucky
2012,2012,213,Cephalosporins,150,Louisiana
2012,2012,213,Cephalosporins,83,Maine
2012,2012,213,Cephalosporins,97,Maryland
2012,2012,213,Cephalosporins,92,Massachusetts
2012,2012,213,Cephalosporins,116,Michigan
2012,2012,213,Cephalosporins,94,Minnesota
2012,2012,213,Cephalosporins,184,Mississippi
2012,2012,213,Cephalosporins,135,Missouri
2012,2012,213,Cephalosporins,82,Montana
2012,2012,213,Cephalosporins,180,Nebraska
2012,2012,213,Cephalosporins,93,Nevada
2012,2012,213,Cephalosporins,86,New Hampshire
2012,2012,213,Cephalosporins,112,New Jersey
2012,2012,213,Cephalosporins,92,New Mexico
2012,2012,213,Cephalosporins,107,New York
2012,2012,213,Cephalosporins,131,North Carolina
2012,2012,213,Cephalosporins,145,North Dakota
2012,2012,213,Cephalosporins,120,Ohio
2012,2012,213,Cephalosporins,146,Oklahoma
2012,2012,213,Cephalosporins,70,Oregon
2012,2012,213,Cephalosporins,106,Pennsylvania
2012,2012,213,Cephalosporins,102,Rhode Island
2012,2012,213,Cephalosporins,134,South Carolina
2012,2012,213,Cephalosporins,171,South Dakota
2012,2012,213,Cephalosporins,181,Tennessee
2012,2012,213,Cephalosporins,143,Texas
2012,2012,213,Cephalosporins,129,Utah
2012,2012,213,Cephalosporins,84,Vermont
2012,2012,213,Cephalosporins,126,Virginia
2012,2012,213,Cephalosporins,82,Washington
2012,2012,213,Cephalosporins,215,West Virginia
2012,2012,213,Cephalosporins,90,Wisconsin
2012,2012,213,Cephalosporins,112,Wyoming
2013,2013,213,Cephalosporins,115,United States
2013,2013,213,Cephalosporins,179,Alabama
2013,2013,213,Cephalosporins,62,Alaska
2013,2013,213,Cephalosporins,110,Arizona
2013,2013,213,Cephalosporins,181,Arkansas
2013,2013,213,Cephalosporins,74,California
2013,2013,213,Cephalosporins,88,Colorado
2013,2013,213,Cephalosporins,111,Connecticut
2013,2013,213,Cephalosporins,118,Delaware
2013,2013,213,Cephalosporins,106,District of Columbia
2013,2013,213,Cephalosporins,88,Florida
2013,2013,213,Cephalosporins,114,Georgia
2013,2013,213,Cephalosporins,72,Hawaii
2013,2013,213,Cephalosporins,105,Idaho
2013,2013,213,Cephalosporins,101,Illinois
2013,2013,213,Cephalosporins,172,Indiana
2013,2013,213,Cephalosporins,159,Iowa
2013,2013,213,Cephalosporins,156,Kansas
2013,2013,213,Cephalosporins,193,Kentucky
2013,2013,213,Cephalosporins,144,Louisiana
2013,2013,213,Cephalosporins,80,Maine
2013,2013,213,Cephalosporins,95,Maryland
2013,2013,213,Cephalosporins,89,Massachusetts
2013,2013,213,Cephalosporins,129,Michigan
2013,2013,213,Cephalosporins,96,Minnesota
2013,2013,213,Cephalosporins,182,Mississippi
2013,2013,213,Cephalosporins,133,Missouri
2013,2013,213,Cephalosporins,79,Montana
2013,2013,213,Cephalosporins,177,Nebraska
2013,2013,213,Cephalosporins,92,Nevada
2013,2013,213,Cephalosporins,85,New Hampshire
2013,2013,213,Cephalosporins,112,New Jersey
2013,2013,213,Cephalosporins,90,New Mexico
2013,2013,213,Cephalosporins,108,New York
2013,2013,213,Cephalosporins,126,North Carolina
2013,2013,213,Cephalosporins,140,North Dakota
2013,2013,213,Cephalosporins,129,Ohio
2013,2013,213,Cephalosporins,146,Oklahoma
2013,2013,213,Cephalosporins,68,Oregon
2013,2013,213,Cephalosporins,115,Pennsylvania
2013,2013,213,Cephalosporins,96,Rhode Island
2013,2013,213,Cephalosporins,132,South Carolina
2013,2013,213,Cephalosporins,158,South Dakota
2013,2013,213,Cephalosporins,177,Tennessee
2013,2013,213,Cephalosporins,135,Texas
2013,2013,213,Cephalosporins,127,Utah
2013,2013,213,Cephalosporins,84,Vermont
2013,2013,213,Cephalosporins,124,Virginia
2013,2013,213,Cephalosporins,81,Washington
2013,2013,213,Cephalosporins,209,West Virginia
2013,2013,213,Cephalosporins,89,Wisconsin
2013,2013,213,Cephalosporins,113,Wyoming
2014,2014,213,Cephalosporins,112,United States
2014,2014,213,Cephalosporins,170,Alabama
2014,2014,213,Cephalosporins,60,Alaska
2014,2014,213,Cephalosporins,107,Arizona
2014,2014,213,Cephalosporins,174,Arkansas
2014,2014,213,Cephalosporins,73,California
2014,2014,213,Cephalosporins,85,Colorado
2014,2014,213,Cephalosporins,109,Connecticut
2014,2014,213,Cephalosporins,113,Delaware
2014,2014,213,Cephalosporins,103,District of Columbia
2014,2014,213,Cephalosporins,87,Florida
2014,2014,213,Cephalosporins,110,Georgia
2014,2014,213,Cephalosporins,72,Hawaii
2014,2014,213,Cephalosporins,103,Idaho
2014,2014,213,Cephalosporins,98,Illinois
2014,2014,213,Cephalosporins,164,Indiana
2014,2014,213,Cephalosporins,162,Iowa
2014,2014,213,Cephalosporins,155,Kansas
2014,2014,213,Cephalosporins,195,Kentucky
2014,2014,213,Cephalosporins,140,Louisiana
2014,2014,213,Cephalosporins,82,Maine
2014,2014,213,Cephalosporins,92,Maryland
2014,2014,213,Cephalosporins,87,Massachusetts
2014,2014,213,Cephalosporins,127,Michigan
2014,2014,213,Cephalosporins,96,Minnesota
2014,2014,213,Cephalosporins,177,Mississippi
2014,2014,213,Cephalosporins,129,Missouri
2014,2014,213,Cephalosporins,76,Montana
2014,2014,213,Cephalosporins,175,Nebraska
2014,2014,213,Cephalosporins,90,Nevada
2014,2014,213,Cephalosporins,84,New Hampshire
2014,2014,213,Cephalosporins,107,New Jersey
2014,2014,213,Cephalosporins,91,New Mexico
2014,2014,213,Cephalosporins,107,New York
2014,2014,213,Cephalosporins,118,North Carolina
2014,2014,213,Cephalosporins,133,North Dakota
2014,2014,213,Cephalosporins,127,Ohio
2014,2014,213,Cephalosporins,145,Oklahoma
2014,2014,213,Cephalosporins,69,Oregon
2014,2014,213,Cephalosporins,113,Pennsylvania
2014,2014,213,Cephalosporins,94,Rhode Island
2014,2014,213,Cephalosporins,124,South Carolina
2014,2014,213,Cephalosporins,155,South Dakota
2014,2014,213,Cephalosporins,172,Tennessee
2014,2014,213,Cephalosporins,130,Texas
2014,2014,213,Cephalosporins,122,Utah
2014,2014,213,Cephalosporins,84,Vermont
2014,2014,213,Cephalosporins,117,Virginia
2014,2014,213,Cephalosporins,81,Washington
2014,2014,213,Cephalosporins,211,West Virginia
2014,2014,213,Cephalosporins,89,Wisconsin
2014,2014,213,Cephalosporins,111,Wyoming
2015,2015,213,Cephalosporins,113,United States
2015,2015,213,Cephalosporins,176,Alabama
2015,2015,213,Cephalosporins,62,Alaska
2015,2015,213,Cephalosporins,110,Arizona
2015,2015,213,Cephalosporins,175,Arkansas
2015,2015,213,Cephalosporins,74,California
2015,2015,213,Cephalosporins,86,Colorado
2015,2015,213,Cephalosporins,110,Connecticut
2015,2015,213,Cephalosporins,114,Delaware
2015,2015,213,Cephalosporins,102,District of Columbia
2015,2015,213,Cephalosporins,88,Florida
2015,2015,213,Cephalosporins,112,Georgia
2015,2015,213,Cephalosporins,76,Hawaii
2015,2015,213,Cephalosporins,108,Idaho
2015,2015,213,Cephalosporins,98,Illinois
2015,2015,213,Cephalosporins,166,Indiana
2015,2015,213,Cephalosporins,169,Iowa
2015,2015,213,Cephalosporins,158,Kansas
2015,2015,213,Cephalosporins,198,Kentucky
2015,2015,213,Cephalosporins,143,Louisiana
2015,2015,213,Cephalosporins,83,Maine
2015,2015,213,Cephalosporins,92,Maryland
2015,2015,213,Cephalosporins,86,Massachusetts
2015,2015,213,Cephalosporins,125,Michigan
2015,2015,213,Cephalosporins,96,Minnesota
2015,2015,213,Cephalosporins,180,Mississippi
2015,2015,213,Cephalosporins,133,Missouri
2015,2015,213,Cephalosporins,80,Montana
2015,2015,213,Cephalosporins,182,Nebraska
2015,2015,213,Cephalosporins,92,Nevada
2015,2015,213,Cephalosporins,88,New Hampshire
2015,2015,213,Cephalosporins,106,New Jersey
2015,2015,213,Cephalosporins,92,New Mexico
2015,2015,213,Cephalosporins,107,New York
2015,2015,213,Cephalosporins,119,North Carolina
2015,2015,213,Cephalosporins,134,North Dakota
2015,2015,213,Cephalosporins,127,Ohio
2015,2015,213,Cephalosporins,144,Oklahoma
2015,2015,213,Cephalosporins,72,Oregon
2015,2015,213,Cephalosporins,114,Pennsylvania
2015,2015,213,Cephalosporins,99,Rhode Island
2015,2015,213,Cephalosporins,126,South Carolina
2015,2015,213,Cephalosporins,154,South Dakota
2015,2015,213,Cephalosporins,174,Tennessee
2015,2015,213,Cephalosporins,129,Texas
2015,2015,213,Cephalosporins,121,Utah
2015,2015,213,Cephalosporins,87,Vermont
2015,2015,213,Cephalosporins,119,Virginia
2015,2015,213,Cephalosporins,82,Washington
2015,2015,213,Cephalosporins,217,West Virginia
2015,2015,213,Cephalosporins,91,Wisconsin
2015,2015,213,Cephalosporins,114,Wyoming
2016,2016,213,Cephalosporins,114,United States
2016,2016,213,Cephalosporins,185,Alabama
2016,2016,213,Cephalosporins,62,Alaska
2016,2016,213,Cephalosporins,107,Arizona
2016,2016,213,Cephalosporins,175,Arkansas
2016,2016,213,Cephalosporins,73,California
2016,2016,213,Cephalosporins,82,Colorado
2016,2016,213,Cephalosporins,110,Connecticut
2016,2016,213,Cephalosporins,122,Delaware
2016,2016,213,Cephalosporins,101,District of Columbia
2016,2016,213,Cephalosporins,103,Florida
2016,2016,213,Cephalosporins,120,Georgia
2016,2016,213,Cephalosporins,75,Hawaii
2016,2016,213,Cephalosporins,103,Idaho
2016,2016,213,Cephalosporins,101,Illinois
2016,2016,213,Cephalosporins,169,Indiana
2016,2016,213,Cephalosporins,167,Iowa
2016,2016,213,Cephalosporins,153,Kansas
2016,2016,213,Cephalosporins,205,Kentucky
2016,2016,213,Cephalosporins,149,Louisiana
2016,2016,213,Cephalosporins,82,Maine
2016,2016,213,Cephalosporins,93,Maryland
2016,2016,213,Cephalosporins,86,Massachusetts
2016,2016,213,Cephalosporins,126,Michigan
2016,2016,213,Cephalosporins,98,Minnesota
2016,2016,213,Cephalosporins,178,Mississippi
2016,2016,213,Cephalosporins,132,Missouri
2016,2016,213,Cephalosporins,80,Montana
2016,2016,213,Cephalosporins,175,Nebraska
2016,2016,213,Cephalosporins,89,Nevada
2016,2016,213,Cephalosporins,89,New Hampshire
2016,2016,213,Cephalosporins,109,New Jersey
2016,2016,213,Cephalosporins,94,New Mexico
2016,2016,213,Cephalosporins,110,New York
2016,2016,213,Cephalosporins,119,North Carolina
2016,2016,213,Cephalosporins,126,North Dakota
2016,2016,213,Cephalosporins,129,Ohio
2016,2016,213,Cephalosporins,140,Oklahoma
2016,2016,213,Cephalosporins,71,Oregon
2016,2016,213,Cephalosporins,116,Pennsylvania
2016,2016,213,Cephalosporins,103,Rhode Island
2016,2016,213,Cephalosporins,131,South Carolina
2016,2016,213,Cephalosporins,153,South Dakota
2016,2016,213,Cephalosporins,177,Tennessee
2016,2016,213,Cephalosporins,123,Texas
2016,2016,213,Cephalosporins,118,Utah
2016,2016,213,Cephalosporins,82,Vermont
2016,2016,213,Cephalosporins,118,Virginia
2016,2016,213,Cephalosporins,81,Washington
2016,2016,213,Cephalosporins,209,West Virginia
2016,2016,213,Cephalosporins,93,Wisconsin
2016,2016,213,Cephalosporins,113,Wyoming
2017,2017,213,Cephalosporins,115,United States
2017,2017,213,Cephalosporins,189,Alabama
2017,2017,213,Cephalosporins,63,Alaska
2017,2017,213,Cephalosporins,106,Arizona
2017,2017,213,Cephalosporins,176,Arkansas
2017,2017,213,Cephalosporins,74,California
2017,2017,213,Cephalosporins,80,Colorado
2017,2017,213,Cephalosporins,111,Connecticut
2017,2017,213,Cephalosporins,123,Delaware
2017,2017,213,Cephalosporins,104,District of Columbia
2017,2017,213,Cephalosporins,103,Florida
2017,2017,213,Cephalosporins,118,Georgia
2017,2017,213,Cephalosporins,79,Hawaii
2017,2017,213,Cephalosporins,104,Idaho
2017,2017,213,Cephalosporins,102,Illinois
2017,2017,213,Cephalosporins,167,Indiana
2017,2017,213,Cephalosporins,162,Iowa
2017,2017,213,Cephalosporins,150,Kansas
2017,2017,213,Cephalosporins,207,Kentucky
2017,2017,213,Cephalosporins,154,Louisiana
2017,2017,213,Cephalosporins,82,Maine
2017,2017,213,Cephalosporins,93,Maryland
2017,2017,213,Cephalosporins,88,Massachusetts
2017,2017,213,Cephalosporins,127,Michigan
2017,2017,213,Cephalosporins,97,Minnesota
2017,2017,213,Cephalosporins,179,Mississippi
2017,2017,213,Cephalosporins,131,Missouri
2017,2017,213,Cephalosporins,84,Montana
2017,2017,213,Cephalosporins,165,Nebraska
2017,2017,213,Cephalosporins,91,Nevada
2017,2017,213,Cephalosporins,92,New Hampshire
2017,2017,213,Cephalosporins,110,New Jersey
2017,2017,213,Cephalosporins,93,New Mexico
2017,2017,213,Cephalosporins,113,New York
2017,2017,213,Cephalosporins,121,North Carolina
2017,2017,213,Cephalosporins,123,North Dakota
2017,2017,213,Cephalosporins,131,Ohio
2017,2017,213,Cephalosporins,144,Oklahoma
2017,2017,213,Cephalosporins,72,Oregon
2017,2017,213,Cephalosporins,117,Pennsylvania
2017,2017,213,Cephalosporins,104,Rhode Island
2017,2017,213,Cephalosporins,130,South Carolina
2017,2017,213,Cephalosporins,150,South Dakota
2017,2017,213,Cephalosporins,176,Tennessee
2017,2017,213,Cephalosporins,124,Texas
2017,2017,213,Cephalosporins,117,Utah
2017,2017,213,Cephalosporins,84,Vermont
2017,2017,213,Cephalosporins,120,Virginia
2017,2017,213,Cephalosporins,80,Washington
2017,2017,213,Cephalosporins,216,West Virginia
2017,2017,213,Cephalosporins,93,Wisconsin
2017,2017,213,Cephalosporins,120,Wyoming
2018,2018,213,Cephalosporins,114,United States
2018,2018,213,Cephalosporins,190,Alabama
2018,2018,213,Cephalosporins,62,Alaska
2018,2018,213,Cephalosporins,105,Arizona
2018,2018,213,Cephalosporins,173,Arkansas
2018,2018,213,Cephalosporins,73,California
2018,2018,213,Cephalosporins,77,Colorado
2018,2018,213,Cephalosporins,113,Connecticut
2018,2018,213,Cephalosporins,123,Delaware
2018,2018,213,Cephalosporins,102,District of Columbia
2018,2018,213,Cephalosporins,105,Florida
2018,2018,213,Cephalosporins,117,Georgia
2018,2018,213,Cephalosporins,81,Hawaii
2018,2018,213,Cephalosporins,103,Idaho
2018,2018,213,Cephalosporins,101,Illinois
2018,2018,213,Cephalosporins,162,Indiana
2018,2018,213,Cephalosporins,159,Iowa
2018,2018,213,Cephalosporins,152,Kansas
2018,2018,213,Cephalosporins,199,Kentucky
2018,2018,213,Cephalosporins,154,Louisiana
2018,2018,213,Cephalosporins,84,Maine
2018,2018,213,Cephalosporins,94,Maryland
2018,2018,213,Cephalosporins,89,Massachusetts
2018,2018,213,Cephalosporins,125,Michigan
2018,2018,213,Cephalosporins,97,Minnesota
2018,2018,213,Cephalosporins,179,Mississippi
2018,2018,213,Cephalosporins,127,Missouri
2018,2018,213,Cephalosporins,85,Montana
2018,2018,213,Cephalosporins,165,Nebraska
2018,2018,213,Cephalosporins,88,Nevada
2018,2018,213,Cephalosporins,94,New Hampshire
2018,2018,213,Cephalosporins,110,New Jersey
2018,2018,213,Cephalosporins,97,New Mexico
2018,2018,213,Cephalosporins,115,New York
2018,2018,213,Cephalosporins,118,North Carolina
2018,2018,213,Cephalosporins,117,North Dakota
2018,2018,213,Cephalosporins,128,Ohio
2018,2018,213,Cephalosporins,146,Oklahoma
2018,2018,213,Cephalosporins,73,Oregon
2018,2018,213,Cephalosporins,116,Pennsylvania
2018,2018,213,Cephalosporins,108,Rhode Island
2018,2018,213,Cephalosporins,128,South Carolina
2018,2018,213,Cephalosporins,149,South Dakota
2018,2018,213,Cephalosporins,170,Tennessee
2018,2018,213,Cephalosporins,123,Texas
2018,2018,213,Cephalosporins,114,Utah
2018,2018,213,Cephalosporins,83,Vermont
2018,2018,213,Cephalosporins,117,Virginia
2018,2018,213,Cephalosporins,79,Washington
2018,2018,213,Cephalosporins,211,West Virginia
2018,2018,213,Cephalosporins,90,Wisconsin
2018,2018,213,Cephalosporins,124,Wyoming
2011,2011,214,Fluoroquinolones,101,United States
2011,2011,214,Fluoroquinolones,143,Alabama
2011,2011,214,Fluoroquinolones,64,Alaska
2011,2011,214,Fluoroquinolones,93,Arizona
2011,2011,214,Fluoroquinolones,116,Arkansas
2011,2011,214,Fluoroquinolones,71,California
2011,2011,214,Fluoroquinolones,68,Colorado
2011,2011,214,Fluoroquinolones,98,Connecticut
2011,2011,214,Fluoroquinolones,126,Delaware
2011,2011,214,Fluoroquinolones,155,District of Columbia
2011,2011,214,Fluoroquinolones,113,Florida
2011,2011,214,Fluoroquinolones,109,Georgia
2011,2011,214,Fluoroquinolones,87,Hawaii
2011,2011,214,Fluoroquinolones,71,Idaho
2011,2011,214,Fluoroquinolones,100,Illinois
2011,2011,214,Fluoroquinolones,113,Indiana
2011,2011,214,Fluoroquinolones,93,Iowa
2011,2011,214,Fluoroquinolones,107,Kansas
2011,2011,214,Fluoroquinolones,157,Kentucky
2011,2011,214,Fluoroquinolones,126,Louisiana
2011,2011,214,Fluoroquinolones,85,Maine
2011,2011,214,Fluoroquinolones,103,Maryland
2011,2011,214,Fluoroquinolones,92,Massachusetts
2011,2011,214,Fluoroquinolones,106,Michigan
2011,2011,214,Fluoroquinolones,76,Minnesota
2011,2011,214,Fluoroquinolones,137,Mississippi
2011,2011,214,Fluoroquinolones,109,Missouri
2011,2011,214,Fluoroquinolones,77,Montana
2011,2011,214,Fluoroquinolones,104,Nebraska
2011,2011,214,Fluoroquinolones,87,Nevada
2011,2011,214,Fluoroquinolones,78,New Hampshire
2011,2011,214,Fluoroquinolones,125,New Jersey
2011,2011,214,Fluoroquinolones,74,New Mexico
2011,2011,214,Fluoroquinolones,118,New York
2011,2011,214,Fluoroquinolones,112,North Carolina
2011,2011,214,Fluoroquinolones,110,North Dakota
2011,2011,214,Fluoroquinolones,108,Ohio
2011,2011,214,Fluoroquinolones,105,Oklahoma
2011,2011,214,Fluoroquinolones,73,Oregon
2011,2011,214,Fluoroquinolones,100,Pennsylvania
2011,2011,214,Fluoroquinolones,119,Rhode Island
2011,2011,214,Fluoroquinolones,117,South Carolina
2011,2011,214,Fluoroquinolones,92,South Dakota
2011,2011,214,Fluoroquinolones,149,Tennessee
2011,2011,214,Fluoroquinolones,103,Texas
2011,2011,214,Fluoroquinolones,71,Utah
2011,2011,214,Fluoroquinolones,71,Vermont
2011,2011,214,Fluoroquinolones,96,Virginia
2011,2011,214,Fluoroquinolones,67,Washington
2011,2011,214,Fluoroquinolones,164,West Virginia
2011,2011,214,Fluoroquinolones,77,Wisconsin
2011,2011,214,Fluoroquinolones,73,Wyoming
2012,2012,214,Fluoroquinolones,104,United States
2012,2012,214,Fluoroquinolones,163,Alabama
2012,2012,214,Fluoroquinolones,62,Alaska
2012,2012,214,Fluoroquinolones,91,Arizona
2012,2012,214,Fluoroquinolones,134,Arkansas
2012,2012,214,Fluoroquinolones,71,California
2012,2012,214,Fluoroquinolones,67,Colorado
2012,2012,214,Fluoroquinolones,100,Connecticut
2012,2012,214,Fluoroquinolones,129,Delaware
2012,2012,214,Fluoroquinolones,152,District of Columbia
2012,2012,214,Fluoroquinolones,110,Florida
2012,2012,214,Fluoroquinolones,113,Georgia
2012,2012,214,Fluoroquinolones,88,Hawaii
2012,2012,214,Fluoroquinolones,72,Idaho
2012,2012,214,Fluoroquinolones,102,Illinois
2012,2012,214,Fluoroquinolones,114,Indiana
2012,2012,214,Fluoroquinolones,113,Iowa
2012,2012,214,Fluoroquinolones,118,Kansas
2012,2012,214,Fluoroquinolones,163,Kentucky
2012,2012,214,Fluoroquinolones,135,Louisiana
2012,2012,214,Fluoroquinolones,85,Maine
2012,2012,214,Fluoroquinolones,103,Maryland
2012,2012,214,Fluoroquinolones,92,Massachusetts
2012,2012,214,Fluoroquinolones,97,Michigan
2012,2012,214,Fluoroquinolones,76,Minnesota
2012,2012,214,Fluoroquinolones,153,Mississippi
2012,2012,214,Fluoroquinolones,117,Missouri
2012,2012,214,Fluoroquinolones,78,Montana
2012,2012,214,Fluoroquinolones,118,Nebraska
2012,2012,214,Fluoroquinolones,90,Nevada
2012,2012,214,Fluoroquinolones,79,New Hampshire
2012,2012,214,Fluoroquinolones,125,New Jersey
2012,2012,214,Fluoroquinolones,74,New Mexico
2012,2012,214,Fluoroquinolones,120,New York
2012,2012,214,Fluoroquinolones,118,North Carolina
2012,2012,214,Fluoroquinolones,110,North Dakota
2012,2012,214,Fluoroquinolones,104,Ohio
2012,2012,214,Fluoroquinolones,119,Oklahoma
2012,2012,214,Fluoroquinolones,71,Oregon
2012,2012,214,Fluoroquinolones,102,Pennsylvania
2012,2012,214,Fluoroquinolones,125,Rhode Island
2012,2012,214,Fluoroquinolones,127,South Carolina
2012,2012,214,Fluoroquinolones,102,South Dakota
2012,2012,214,Fluoroquinolones,158,Tennessee
2012,2012,214,Fluoroquinolones,112,Texas
2012,2012,214,Fluoroquinolones,72,Utah
2012,2012,214,Fluoroquinolones,71,Vermont
2012,2012,214,Fluoroquinolones,100,Virginia
2012,2012,214,Fluoroquinolones,65,Washington
2012,2012,214,Fluoroquinolones,169,West Virginia
2012,2012,214,Fluoroquinolones,80,Wisconsin
2012,2012,214,Fluoroquinolones,75,Wyoming
2013,2013,214,Fluoroquinolones,105,United States
2013,2013,214,Fluoroquinolones,166,Alabama
2013,2013,214,Fluoroquinolones,58,Alaska
2013,2013,214,Fluoroquinolones,89,Arizona
2013,2013,214,Fluoroquinolones,145,Arkansas
2013,2013,214,Fluoroquinolones,71,California
2013,2013,214,Fluoroquinolones,66,Colorado
2013,2013,214,Fluoroquinolones,98,Connecticut
2013,2013,214,Fluoroquinolones,128,Delaware
2013,2013,214,Fluoroquinolones,150,District of Columbia
2013,2013,214,Fluoroquinolones,111,Florida
2013,2013,214,Fluoroquinolones,115,Georgia
2013,2013,214,Fluoroquinolones,85,Hawaii
2013,2013,214,Fluoroquinolones,70,Idaho
2013,2013,214,Fluoroquinolones,101,Illinois
2013,2013,214,Fluoroquinolones,115,Indiana
2013,2013,214,Fluoroquinolones,113,Iowa
2013,2013,214,Fluoroquinolones,118,Kansas
2013,2013,214,Fluoroquinolones,163,Kentucky
2013,2013,214,Fluoroquinolones,140,Louisiana
2013,2013,214,Fluoroquinolones,82,Maine
2013,2013,214,Fluoroquinolones,100,Maryland
2013,2013,214,Fluoroquinolones,87,Massachusetts
2013,2013,214,Fluoroquinolones,106,Michigan
2013,2013,214,Fluoroquinolones,76,Minnesota
2013,2013,214,Fluoroquinolones,159,Mississippi
2013,2013,214,Fluoroquinolones,117,Missouri
2013,2013,214,Fluoroquinolones,75,Montana
2013,2013,214,Fluoroquinolones,122,Nebraska
2013,2013,214,Fluoroquinolones,90,Nevada
2013,2013,214,Fluoroquinolones,75,New Hampshire
2013,2013,214,Fluoroquinolones,123,New Jersey
2013,2013,214,Fluoroquinolones,74,New Mexico
2013,2013,214,Fluoroquinolones,119,New York
2013,2013,214,Fluoroquinolones,116,North Carolina
2013,2013,214,Fluoroquinolones,107,North Dakota
2013,2013,214,Fluoroquinolones,116,Ohio
2013,2013,214,Fluoroquinolones,118,Oklahoma
2013,2013,214,Fluoroquinolones,69,Oregon
2013,2013,214,Fluoroquinolones,109,Pennsylvania
2013,2013,214,Fluoroquinolones,118,Rhode Island
2013,2013,214,Fluoroquinolones,129,South Carolina
2013,2013,214,Fluoroquinolones,97,South Dakota
2013,2013,214,Fluoroquinolones,160,Tennessee
2013,2013,214,Fluoroquinolones,112,Texas
2013,2013,214,Fluoroquinolones,72,Utah
2013,2013,214,Fluoroquinolones,68,Vermont
2013,2013,214,Fluoroquinolones,99,Virginia
2013,2013,214,Fluoroquinolones,63,Washington
2013,2013,214,Fluoroquinolones,165,West Virginia
2013,2013,214,Fluoroquinolones,79,Wisconsin
2013,2013,214,Fluoroquinolones,74,Wyoming
2014,2014,214,Fluoroquinolones,103,United States
2014,2014,214,Fluoroquinolones,160,Alabama
2014,2014,214,Fluoroquinolones,58,Alaska
2014,2014,214,Fluoroquinolones,88,Arizona
2014,2014,214,Fluoroquinolones,149,Arkansas
2014,2014,214,Fluoroquinolones,69,California
2014,2014,214,Fluoroquinolones,63,Colorado
2014,2014,214,Fluoroquinolones,97,Connecticut
2014,2014,214,Fluoroquinolones,121,Delaware
2014,2014,214,Fluoroquinolones,145,District of Columbia
2014,2014,214,Fluoroquinolones,110,Florida
2014,2014,214,Fluoroquinolones,111,Georgia
2014,2014,214,Fluoroquinolones,83,Hawaii
2014,2014,214,Fluoroquinolones,70,Idaho
2014,2014,214,Fluoroquinolones,99,Illinois
2014,2014,214,Fluoroquinolones,110,Indiana
2014,2014,214,Fluoroquinolones,116,Iowa
2014,2014,214,Fluoroquinolones,118,Kansas
2014,2014,214,Fluoroquinolones,164,Kentucky
2014,2014,214,Fluoroquinolones,138,Louisiana
2014,2014,214,Fluoroquinolones,81,Maine
2014,2014,214,Fluoroquinolones,97,Maryland
2014,2014,214,Fluoroquinolones,85,Massachusetts
2014,2014,214,Fluoroquinolones,106,Michigan
2014,2014,214,Fluoroquinolones,74,Minnesota
2014,2014,214,Fluoroquinolones,159,Mississippi
2014,2014,214,Fluoroquinolones,116,Missouri
2014,2014,214,Fluoroquinolones,74,Montana
2014,2014,214,Fluoroquinolones,124,Nebraska
2014,2014,214,Fluoroquinolones,89,Nevada
2014,2014,214,Fluoroquinolones,74,New Hampshire
2014,2014,214,Fluoroquinolones,117,New Jersey
2014,2014,214,Fluoroquinolones,77,New Mexico
2014,2014,214,Fluoroquinolones,117,New York
2014,2014,214,Fluoroquinolones,112,North Carolina
2014,2014,214,Fluoroquinolones,105,North Dakota
2014,2014,214,Fluoroquinolones,117,Ohio
2014,2014,214,Fluoroquinolones,116,Oklahoma
2014,2014,214,Fluoroquinolones,67,Oregon
2014,2014,214,Fluoroquinolones,107,Pennsylvania
2014,2014,214,Fluoroquinolones,115,Rhode Island
2014,2014,214,Fluoroquinolones,125,South Carolina
2014,2014,214,Fluoroquinolones,93,South Dakota
2014,2014,214,Fluoroquinolones,157,Tennessee
2014,2014,214,Fluoroquinolones,108,Texas
2014,2014,214,Fluoroquinolones,72,Utah
2014,2014,214,Fluoroquinolones,67,Vermont
2014,2014,214,Fluoroquinolones,94,Virginia
2014,2014,214,Fluoroquinolones,61,Washington
2014,2014,214,Fluoroquinolones,167,West Virginia
2014,2014,214,Fluoroquinolones,79,Wisconsin
2014,2014,214,Fluoroquinolones,73,Wyoming
2015,2015,214,Fluoroquinolones,101,United States
2015,2015,214,Fluoroquinolones,159,Alabama
2015,2015,214,Fluoroquinolones,57,Alaska
2015,2015,214,Fluoroquinolones,89,Arizona
2015,2015,214,Fluoroquinolones,148,Arkansas
2015,2015,214,Fluoroquinolones,70,California
2015,2015,214,Fluoroquinolones,62,Colorado
2015,2015,214,Fluoroquinolones,95,Connecticut
2015,2015,214,Fluoroquinolones,116,Delaware
2015,2015,214,Fluoroquinolones,134,District of Columbia
2015,2015,214,Fluoroquinolones,106,Florida
2015,2015,214,Fluoroquinolones,104,Georgia
2015,2015,214,Fluoroquinolones,81,Hawaii
2015,2015,214,Fluoroquinolones,72,Idaho
2015,2015,214,Fluoroquinolones,96,Illinois
2015,2015,214,Fluoroquinolones,110,Indiana
2015,2015,214,Fluoroquinolones,115,Iowa
2015,2015,214,Fluoroquinolones,118,Kansas
2015,2015,214,Fluoroquinolones,158,Kentucky
2015,2015,214,Fluoroquinolones,136,Louisiana
2015,2015,214,Fluoroquinolones,81,Maine
2015,2015,214,Fluoroquinolones,95,Maryland
2015,2015,214,Fluoroquinolones,82,Massachusetts
2015,2015,214,Fluoroquinolones,103,Michigan
2015,2015,214,Fluoroquinolones,71,Minnesota
2015,2015,214,Fluoroquinolones,157,Mississippi
2015,2015,214,Fluoroquinolones,115,Missouri
2015,2015,214,Fluoroquinolones,74,Montana
2015,2015,214,Fluoroquinolones,123,Nebraska
2015,2015,214,Fluoroquinolones,90,Nevada
2015,2015,214,Fluoroquinolones,75,New Hampshire
2015,2015,214,Fluoroquinolones,116,New Jersey
2015,2015,214,Fluoroquinolones,73,New Mexico
2015,2015,214,Fluoroquinolones,116,New York
2015,2015,214,Fluoroquinolones,110,North Carolina
2015,2015,214,Fluoroquinolones,110,North Dakota
2015,2015,214,Fluoroquinolones,115,Ohio
2015,2015,214,Fluoroquinolones,114,Oklahoma
2015,2015,214,Fluoroquinolones,66,Oregon
2015,2015,214,Fluoroquinolones,106,Pennsylvania
2015,2015,214,Fluoroquinolones,110,Rhode Island
2015,2015,214,Fluoroquinolones,122,South Carolina
2015,2015,214,Fluoroquinolones,87,South Dakota
2015,2015,214,Fluoroquinolones,153,Tennessee
2015,2015,214,Fluoroquinolones,106,Texas
2015,2015,214,Fluoroquinolones,70,Utah
2015,2015,214,Fluoroquinolones,68,Vermont
2015,2015,214,Fluoroquinolones,94,Virginia
2015,2015,214,Fluoroquinolones,60,Washington
2015,2015,214,Fluoroquinolones,164,West Virginia
2015,2015,214,Fluoroquinolones,77,Wisconsin
2015,2015,214,Fluoroquinolones,72,Wyoming
2016,2016,214,Fluoroquinolones,92,United States
2016,2016,214,Fluoroquinolones,145,Alabama
2016,2016,214,Fluoroquinolones,51,Alaska
2016,2016,214,Fluoroquinolones,80,Arizona
2016,2016,214,Fluoroquinolones,129,Arkansas
2016,2016,214,Fluoroquinolones,63,California
2016,2016,214,Fluoroquinolones,52,Colorado
2016,2016,214,Fluoroquinolones,84,Connecticut
2016,2016,214,Fluoroquinolones,102,Delaware
2016,2016,214,Fluoroquinolones,114,District of Columbia
2016,2016,214,Fluoroquinolones,117,Florida
2016,2016,214,Fluoroquinolones,100,Georgia
2016,2016,214,Fluoroquinolones,72,Hawaii
2016,2016,214,Fluoroquinolones,64,Idaho
2016,2016,214,Fluoroquinolones,87,Illinois
2016,2016,214,Fluoroquinolones,99,Indiana
2016,2016,214,Fluoroquinolones,103,Iowa
2016,2016,214,Fluoroquinolones,104,Kansas
2016,2016,214,Fluoroquinolones,142,Kentucky
2016,2016,214,Fluoroquinolones,128,Louisiana
2016,2016,214,Fluoroquinolones,71,Maine
2016,2016,214,Fluoroquinolones,84,Maryland
2016,2016,214,Fluoroquinolones,73,Massachusetts
2016,2016,214,Fluoroquinolones,92,Michigan
2016,2016,214,Fluoroquinolones,63,Minnesota
2016,2016,214,Fluoroquinolones,139,Mississippi
2016,2016,214,Fluoroquinolones,104,Missouri
2016,2016,214,Fluoroquinolones,64,Montana
2016,2016,214,Fluoroquinolones,108,Nebraska
2016,2016,214,Fluoroquinolones,82,Nevada
2016,2016,214,Fluoroquinolones,66,New Hampshire
2016,2016,214,Fluoroquinolones,103,New Jersey
2016,2016,214,Fluoroquinolones,66,New Mexico
2016,2016,214,Fluoroquinolones,105,New York
2016,2016,214,Fluoroquinolones,98,North Carolina
2016,2016,214,Fluoroquinolones,94,North Dakota
2016,2016,214,Fluoroquinolones,103,Ohio
2016,2016,214,Fluoroquinolones,97,Oklahoma
2016,2016,214,Fluoroquinolones,56,Oregon
2016,2016,214,Fluoroquinolones,96,Pennsylvania
2016,2016,214,Fluoroquinolones,97,Rhode Island
2016,2016,214,Fluoroquinolones,114,South Carolina
2016,2016,214,Fluoroquinolones,84,South Dakota
2016,2016,214,Fluoroquinolones,135,Tennessee
2016,2016,214,Fluoroquinolones,93,Texas
2016,2016,214,Fluoroquinolones,62,Utah
2016,2016,214,Fluoroquinolones,58,Vermont
2016,2016,214,Fluoroquinolones,82,Virginia
2016,2016,214,Fluoroquinolones,51,Washington
2016,2016,214,Fluoroquinolones,140,West Virginia
2016,2016,214,Fluoroquinolones,68,Wisconsin
2016,2016,214,Fluoroquinolones,65,Wyoming
2017,2017,214,Fluoroquinolones,78,United States
2017,2017,214,Fluoroquinolones,123,Alabama
2017,2017,214,Fluoroquinolones,42,Alaska
2017,2017,214,Fluoroquinolones,70,Arizona
2017,2017,214,Fluoroquinolones,109,Arkansas
2017,2017,214,Fluoroquinolones,56,California
2017,2017,214,Fluoroquinolones,42,Colorado
2017,2017,214,Fluoroquinolones,72,Connecticut
2017,2017,214,Fluoroquinolones,81,Delaware
2017,2017,214,Fluoroquinolones,91,District of Columbia
2017,2017,214,Fluoroquinolones,102,Florida
2017,2017,214,Fluoroquinolones,85,Georgia
2017,2017,214,Fluoroquinolones,64,Hawaii
2017,2017,214,Fluoroquinolones,53,Idaho
2017,2017,214,Fluoroquinolones,72,Illinois
2017,2017,214,Fluoroquinolones,83,Indiana
2017,2017,214,Fluoroquinolones,84,Iowa
2017,2017,214,Fluoroquinolones,85,Kansas
2017,2017,214,Fluoroquinolones,117,Kentucky
2017,2017,214,Fluoroquinolones,115,Louisiana
2017,2017,214,Fluoroquinolones,61,Maine
2017,2017,214,Fluoroquinolones,70,Maryland
2017,2017,214,Fluoroquinolones,62,Massachusetts
2017,2017,214,Fluoroquinolones,79,Michigan
2017,2017,214,Fluoroquinolones,52,Minnesota
2017,2017,214,Fluoroquinolones,120,Mississippi
2017,2017,214,Fluoroquinolones,86,Missouri
2017,2017,214,Fluoroquinolones,52,Montana
2017,2017,214,Fluoroquinolones,91,Nebraska
2017,2017,214,Fluoroquinolones,71,Nevada
2017,2017,214,Fluoroquinolones,54,New Hampshire
2017,2017,214,Fluoroquinolones,85,New Jersey
2017,2017,214,Fluoroquinolones,57,New Mexico
2017,2017,214,Fluoroquinolones,89,New York
2017,2017,214,Fluoroquinolones,83,North Carolina
2017,2017,214,Fluoroquinolones,79,North Dakota
2017,2017,214,Fluoroquinolones,87,Ohio
2017,2017,214,Fluoroquinolones,83,Oklahoma
2017,2017,214,Fluoroquinolones,45,Oregon
2017,2017,214,Fluoroquinolones,80,Pennsylvania
2017,2017,214,Fluoroquinolones,85,Rhode Island
2017,2017,214,Fluoroquinolones,96,South Carolina
2017,2017,214,Fluoroquinolones,70,South Dakota
2017,2017,214,Fluoroquinolones,113,Tennessee
2017,2017,214,Fluoroquinolones,82,Texas
2017,2017,214,Fluoroquinolones,52,Utah
2017,2017,214,Fluoroquinolones,50,Vermont
2017,2017,214,Fluoroquinolones,70,Virginia
2017,2017,214,Fluoroquinolones,42,Washington
2017,2017,214,Fluoroquinolones,117,West Virginia
2017,2017,214,Fluoroquinolones,56,Wisconsin
2017,2017,214,Fluoroquinolones,56,Wyoming
2018,2018,214,Fluoroquinolones,70,United States
2018,2018,214,Fluoroquinolones,111,Alabama
2018,2018,214,Fluoroquinolones,35,Alaska
2018,2018,214,Fluoroquinolones,61,Arizona
2018,2018,214,Fluoroquinolones,97,Arkansas
2018,2018,214,Fluoroquinolones,49,California
2018,2018,214,Fluoroquinolones,37,Colorado
2018,2018,214,Fluoroquinolones,66,Connecticut
2018,2018,214,Fluoroquinolones,73,Delaware
2018,2018,214,Fluoroquinolones,82,District of Columbia
2018,2018,214,Fluoroquinolones,93,Florida
2018,2018,214,Fluoroquinolones,77,Georgia
2018,2018,214,Fluoroquinolones,58,Hawaii
2018,2018,214,Fluoroquinolones,45,Idaho
2018,2018,214,Fluoroquinolones,64,Illinois
2018,2018,214,Fluoroquinolones,72,Indiana
2018,2018,214,Fluoroquinolones,75,Iowa
2018,2018,214,Fluoroquinolones,76,Kansas
2018,2018,214,Fluoroquinolones,103,Kentucky
2018,2018,214,Fluoroquinolones,105,Louisiana
2018,2018,214,Fluoroquinolones,54,Maine
2018,2018,214,Fluoroquinolones,64,Maryland
2018,2018,214,Fluoroquinolones,55,Massachusetts
2018,2018,214,Fluoroquinolones,70,Michigan
2018,2018,214,Fluoroquinolones,45,Minnesota
2018,2018,214,Fluoroquinolones,109,Mississippi
2018,2018,214,Fluoroquinolones,76,Missouri
2018,2018,214,Fluoroquinolones,44,Montana
2018,2018,214,Fluoroquinolones,83,Nebraska
2018,2018,214,Fluoroquinolones,62,Nevada
2018,2018,214,Fluoroquinolones,47,New Hampshire
2018,2018,214,Fluoroquinolones,77,New Jersey
2018,2018,214,Fluoroquinolones,52,New Mexico
2018,2018,214,Fluoroquinolones,83,New York
2018,2018,214,Fluoroquinolones,72,North Carolina
2018,2018,214,Fluoroquinolones,66,North Dakota
2018,2018,214,Fluoroquinolones,77,Ohio
2018,2018,214,Fluoroquinolones,76,Oklahoma
2018,2018,214,Fluoroquinolones,39,Oregon
2018,2018,214,Fluoroquinolones,71,Pennsylvania
2018,2018,214,Fluoroquinolones,73,Rhode Island
2018,2018,214,Fluoroquinolones,88,South Carolina
2018,2018,214,Fluoroquinolones,60,South Dakota
2018,2018,214,Fluoroquinolones,100,Tennessee
2018,2018,214,Fluoroquinolones,75,Texas
2018,2018,214,Fluoroquinolones,46,Utah
2018,2018,214,Fluoroquinolones,45,Vermont
2018,2018,214,Fluoroquinolones,61,Virginia
2018,2018,214,Fluoroquinolones,36,Washington
2018,2018,214,Fluoroquinolones,105,West Virginia
2018,2018,214,Fluoroquinolones,49,Wisconsin
2018,2018,214,Fluoroquinolones,48,Wyoming
2011,2011,215,Macrolides,190,United States
2011,2011,215,Macrolides,237,Alabama
2011,2011,215,Macrolides,134,Alaska
2011,2011,215,Macrolides,173,Arizona
2011,2011,215,Macrolides,216,Arkansas
2011,2011,215,Macrolides,135,California
2011,2011,215,Macrolides,125,Colorado
2011,2011,215,Macrolides,203,Connecticut
2011,2011,215,Macrolides,225,Delaware
2011,2011,215,Macrolides,197,District of Columbia
2011,2011,215,Macrolides,172,Florida
2011,2011,215,Macrolides,170,Georgia
2011,2011,215,Macrolides,152,Hawaii
2011,2011,215,Macrolides,142,Idaho
2011,2011,215,Macrolides,206,Illinois
2011,2011,215,Macrolides,217,Indiana
2011,2011,215,Macrolides,227,Iowa
2011,2011,215,Macrolides,205,Kansas
2011,2011,215,Macrolides,288,Kentucky
2011,2011,215,Macrolides,275,Louisiana
2011,2011,215,Macrolides,181,Maine
2011,2011,215,Macrolides,177,Maryland
2011,2011,215,Macrolides,175,Massachusetts
2011,2011,215,Macrolides,209,Michigan
2011,2011,215,Macrolides,159,Minnesota
2011,2011,215,Macrolides,262,Mississippi
2011,2011,215,Macrolides,192,Missouri
2011,2011,215,Macrolides,163,Montana
2011,2011,215,Macrolides,191,Nebraska
2011,2011,215,Macrolides,159,Nevada
2011,2011,215,Macrolides,160,New Hampshire
2011,2011,215,Macrolides,234,New Jersey
2011,2011,215,Macrolides,165,New Mexico
2011,2011,215,Macrolides,216,New York
2011,2011,215,Macrolides,181,North Carolina
2011,2011,215,Macrolides,239,North Dakota
2011,2011,215,Macrolides,236,Ohio
2011,2011,215,Macrolides,192,Oklahoma
2011,2011,215,Macrolides,120,Oregon
2011,2011,215,Macrolides,208,Pennsylvania
2011,2011,215,Macrolides,218,Rhode Island
2011,2011,215,Macrolides,199,South Carolina
2011,2011,215,Macrolides,213,South Dakota
2011,2011,215,Macrolides,259,Tennessee
2011,2011,215,Macrolides,196,Texas
2011,2011,215,Macrolides,160,Utah
2011,2011,215,Macrolides,152,Vermont
2011,2011,215,Macrolides,186,Virginia
2011,2011,215,Macrolides,136,Washington
2011,2011,215,Macrolides,300,West Virginia
2011,2011,215,Macrolides,161,Wisconsin
2011,2011,215,Macrolides,181,Wyoming
2012,2012,215,Macrolides,182,United States
2012,2012,215,Macrolides,244,Alabama
2012,2012,215,Macrolides,129,Alaska
2012,2012,215,Macrolides,160,Arizona
2012,2012,215,Macrolides,223,Arkansas
2012,2012,215,Macrolides,116,California
2012,2012,215,Macrolides,120,Colorado
2012,2012,215,Macrolides,192,Connecticut
2012,2012,215,Macrolides,209,Delaware
2012,2012,215,Macrolides,193,District of Columbia
2012,2012,215,Macrolides,162,Florida
2012,2012,215,Macrolides,173,Georgia
2012,2012,215,Macrolides,152,Hawaii
2012,2012,215,Macrolides,134,Idaho
2012,2012,215,Macrolides,195,Illinois
2012,2012,215,Macrolides,201,Indiana
2012,2012,215,Macrolides,225,Iowa
2012,2012,215,Macrolides,204,Kansas
2012,2012,215,Macrolides,276,Kentucky
2012,2012,215,Macrolides,271,Louisiana
2012,2012,215,Macrolides,170,Maine
2012,2012,215,Macrolides,170,Maryland
2012,2012,215,Macrolides,160,Massachusetts
2012,2012,215,Macrolides,192,Michigan
2012,2012,215,Macrolides,146,Minnesota
2012,2012,215,Macrolides,269,Mississippi
2012,2012,215,Macrolides,185,Missouri
2012,2012,215,Macrolides,157,Montana
2012,2012,215,Macrolides,187,Nebraska
2012,2012,215,Macrolides,149,Nevada
2012,2012,215,Macrolides,154,New Hampshire
2012,2012,215,Macrolides,223,New Jersey
2012,2012,215,Macrolides,157,New Mexico
2012,2012,215,Macrolides,209,New York
2012,2012,215,Macrolides,189,North Carolina
2012,2012,215,Macrolides,218,North Dakota
2012,2012,215,Macrolides,214,Ohio
2012,2012,215,Macrolides,202,Oklahoma
2012,2012,215,Macrolides,106,Oregon
2012,2012,215,Macrolides,196,Pennsylvania
2012,2012,215,Macrolides,215,Rhode Island
2012,2012,215,Macrolides,207,South Carolina
2012,2012,215,Macrolides,209,South Dakota
2012,2012,215,Macrolides,253,Tennessee
2012,2012,215,Macrolides,200,Texas
2012,2012,215,Macrolides,151,Utah
2012,2012,215,Macrolides,161,Vermont
2012,2012,215,Macrolides,180,Virginia
2012,2012,215,Macrolides,130,Washington
2012,2012,215,Macrolides,276,West Virginia
2012,2012,215,Macrolides,162,Wisconsin
2012,2012,215,Macrolides,181,Wyoming
2013,2013,215,Macrolides,161,United States
2013,2013,215,Macrolides,220,Alabama
2013,2013,215,Macrolides,106,Alaska
2013,2013,215,Macrolides,145,Arizona
2013,2013,215,Macrolides,212,Arkansas
2013,2013,215,Macrolides,114,California
2013,2013,215,Macrolides,113,Colorado
2013,2013,215,Macrolides,161,Connecticut
2013,2013,215,Macrolides,183,Delaware
2013,2013,215,Macrolides,176,District of Columbia
2013,2013,215,Macrolides,145,Florida
2013,2013,215,Macrolides,156,Georgia
2013,2013,215,Macrolides,134,Hawaii
2013,2013,215,Macrolides,123,Idaho
2013,2013,215,Macrolides,169,Illinois
2013,2013,215,Macrolides,176,Indiana
2013,2013,215,Macrolides,190,Iowa
2013,2013,215,Macrolides,190,Kansas
2013,2013,215,Macrolides,233,Kentucky
2013,2013,215,Macrolides,247,Louisiana
2013,2013,215,Macrolides,143,Maine
2013,2013,215,Macrolides,149,Maryland
2013,2013,215,Macrolides,129,Massachusetts
2013,2013,215,Macrolides,174,Michigan
2013,2013,215,Macrolides,129,Minnesota
2013,2013,215,Macrolides,240,Mississippi
2013,2013,215,Macrolides,165,Missouri
2013,2013,215,Macrolides,140,Montana
2013,2013,215,Macrolides,173,Nebraska
2013,2013,215,Macrolides,140,Nevada
2013,2013,215,Macrolides,127,New Hampshire
2013,2013,215,Macrolides,197,New Jersey
2013,2013,215,Macrolides,148,New Mexico
2013,2013,215,Macrolides,183,New York
2013,2013,215,Macrolides,159,North Carolina
2013,2013,215,Macrolides,174,North Dakota
2013,2013,215,Macrolides,181,Ohio
2013,2013,215,Macrolides,184,Oklahoma
2013,2013,215,Macrolides,96,Oregon
2013,2013,215,Macrolides,168,Pennsylvania
2013,2013,215,Macrolides,179,Rhode Island
2013,2013,215,Macrolides,185,South Carolina
2013,2013,215,Macrolides,175,South Dakota
2013,2013,215,Macrolides,215,Tennessee
2013,2013,215,Macrolides,179,Texas
2013,2013,215,Macrolides,142,Utah
2013,2013,215,Macrolides,122,Vermont
2013,2013,215,Macrolides,153,Virginia
2013,2013,215,Macrolides,111,Washington
2013,2013,215,Macrolides,229,West Virginia
2013,2013,215,Macrolides,140,Wisconsin
2013,2013,215,Macrolides,166,Wyoming
2014,2014,215,Macrolides,154,United States
2014,2014,215,Macrolides,205,Alabama
2014,2014,215,Macrolides,102,Alaska
2014,2014,215,Macrolides,136,Arizona
2014,2014,215,Macrolides,209,Arkansas
2014,2014,215,Macrolides,104,California
2014,2014,215,Macrolides,110,Colorado
2014,2014,215,Macrolides,160,Connecticut
2014,2014,215,Macrolides,168,Delaware
2014,2014,215,Macrolides,168,District of Columbia
2014,2014,215,Macrolides,142,Florida
2014,2014,215,Macrolides,147,Georgia
2014,2014,215,Macrolides,132,Hawaii
2014,2014,215,Macrolides,119,Idaho
2014,2014,215,Macrolides,166,Illinois
2014,2014,215,Macrolides,165,Indiana
2014,2014,215,Macrolides,196,Iowa
2014,2014,215,Macrolides,182,Kansas
2014,2014,215,Macrolides,233,Kentucky
2014,2014,215,Macrolides,240,Louisiana
2014,2014,215,Macrolides,133,Maine
2014,2014,215,Macrolides,142,Maryland
2014,2014,215,Macrolides,124,Massachusetts
2014,2014,215,Macrolides,171,Michigan
2014,2014,215,Macrolides,126,Minnesota
2014,2014,215,Macrolides,235,Mississippi
2014,2014,215,Macrolides,166,Missouri
2014,2014,215,Macrolides,127,Montana
2014,2014,215,Macrolides,176,Nebraska
2014,2014,215,Macrolides,132,Nevada
2014,2014,215,Macrolides,115,New Hampshire
2014,2014,215,Macrolides,188,New Jersey
2014,2014,215,Macrolides,145,New Mexico
2014,2014,215,Macrolides,178,New York
2014,2014,215,Macrolides,142,North Carolina
2014,2014,215,Macrolides,158,North Dakota
2014,2014,215,Macrolides,174,Ohio
2014,2014,215,Macrolides,182,Oklahoma
2014,2014,215,Macrolides,89,Oregon
2014,2014,215,Macrolides,159,Pennsylvania
2014,2014,215,Macrolides,172,Rhode Island
2014,2014,215,Macrolides,166,South Carolina
2014,2014,215,Macrolides,181,South Dakota
2014,2014,215,Macrolides,203,Tennessee
2014,2014,215,Macrolides,170,Texas
2014,2014,215,Macrolides,130,Utah
2014,2014,215,Macrolides,108,Vermont
2014,2014,215,Macrolides,141,Virginia
2014,2014,215,Macrolides,104,Washington
2014,2014,215,Macrolides,221,West Virginia
2014,2014,215,Macrolides,132,Wisconsin
2014,2014,215,Macrolides,158,Wyoming
2015,2015,215,Macrolides,154,United States
2015,2015,215,Macrolides,214,Alabama
2015,2015,215,Macrolides,101,Alaska
2015,2015,215,Macrolides,146,Arizona
2015,2015,215,Macrolides,205,Arkansas
2015,2015,215,Macrolides,114,California
2015,2015,215,Macrolides,107,Colorado
2015,2015,215,Macrolides,157,Connecticut
2015,2015,215,Macrolides,157,Delaware
2015,2015,215,Macrolides,163,District of Columbia
2015,2015,215,Macrolides,133,Florida
2015,2015,215,Macrolides,144,Georgia
2015,2015,215,Macrolides,131,Hawaii
2015,2015,215,Macrolides,122,Idaho
2015,2015,215,Macrolides,161,Illinois
2015,2015,215,Macrolides,166,Indiana
2015,2015,215,Macrolides,191,Iowa
2015,2015,215,Macrolides,184,Kansas
2015,2015,215,Macrolides,228,Kentucky
2015,2015,215,Macrolides,230,Louisiana
2015,2015,215,Macrolides,140,Maine
2015,2015,215,Macrolides,140,Maryland
2015,2015,215,Macrolides,125,Massachusetts
2015,2015,215,Macrolides,171,Michigan
2015,2015,215,Macrolides,118,Minnesota
2015,2015,215,Macrolides,242,Mississippi
2015,2015,215,Macrolides,163,Missouri
2015,2015,215,Macrolides,127,Montana
2015,2015,215,Macrolides,179,Nebraska
2015,2015,215,Macrolides,140,Nevada
2015,2015,215,Macrolides,122,New Hampshire
2015,2015,215,Macrolides,188,New Jersey
2015,2015,215,Macrolides,142,New Mexico
2015,2015,215,Macrolides,177,New York
2015,2015,215,Macrolides,142,North Carolina
2015,2015,215,Macrolides,150,North Dakota
2015,2015,215,Macrolides,170,Ohio
2015,2015,215,Macrolides,183,Oklahoma
2015,2015,215,Macrolides,94,Oregon
2015,2015,215,Macrolides,160,Pennsylvania
2015,2015,215,Macrolides,175,Rhode Island
2015,2015,215,Macrolides,166,South Carolina
2015,2015,215,Macrolides,169,South Dakota
2015,2015,215,Macrolides,200,Tennessee
2015,2015,215,Macrolides,169,Texas
2015,2015,215,Macrolides,124,Utah
2015,2015,215,Macrolides,115,Vermont
2015,2015,215,Macrolides,139,Virginia
2015,2015,215,Macrolides,106,Washington
2015,2015,215,Macrolides,229,West Virginia
2015,2015,215,Macrolides,127,Wisconsin
2015,2015,215,Macrolides,156,Wyoming
2016,2016,215,Macrolides,148,United States
2016,2016,215,Macrolides,214,Alabama
2016,2016,215,Macrolides,98,Alaska
2016,2016,215,Macrolides,133,Arizona
2016,2016,215,Macrolides,192,Arkansas
2016,2016,215,Macrolides,105,California
2016,2016,215,Macrolides,94,Colorado
2016,2016,215,Macrolides,153,Connecticut
2016,2016,215,Macrolides,162,Delaware
2016,2016,215,Macrolides,156,District of Columbia
2016,2016,215,Macrolides,151,Florida
2016,2016,215,Macrolides,150,Georgia
2016,2016,215,Macrolides,125,Hawaii
2016,2016,215,Macrolides,113,Idaho
2016,2016,215,Macrolides,157,Illinois
2016,2016,215,Macrolides,161,Indiana
2016,2016,215,Macrolides,179,Iowa
2016,2016,215,Macrolides,160,Kansas
2016,2016,215,Macrolides,225,Kentucky
2016,2016,215,Macrolides,226,Louisiana
2016,2016,215,Macrolides,127,Maine
2016,2016,215,Macrolides,139,Maryland
2016,2016,215,Macrolides,121,Massachusetts
2016,2016,215,Macrolides,163,Michigan
2016,2016,215,Macrolides,115,Minnesota
2016,2016,215,Macrolides,239,Mississippi
2016,2016,215,Macrolides,153,Missouri
2016,2016,215,Macrolides,111,Montana
2016,2016,215,Macrolides,159,Nebraska
2016,2016,215,Macrolides,133,Nevada
2016,2016,215,Macrolides,115,New Hampshire
2016,2016,215,Macrolides,190,New Jersey
2016,2016,215,Macrolides,129,New Mexico
2016,2016,215,Macrolides,173,New York
2016,2016,215,Macrolides,136,North Carolina
2016,2016,215,Macrolides,127,North Dakota
2016,2016,215,Macrolides,164,Ohio
2016,2016,215,Macrolides,159,Oklahoma
2016,2016,215,Macrolides,83,Oregon
2016,2016,215,Macrolides,157,Pennsylvania
2016,2016,215,Macrolides,172,Rhode Island
2016,2016,215,Macrolides,163,South Carolina
2016,2016,215,Macrolides,154,South Dakota
2016,2016,215,Macrolides,196,Tennessee
2016,2016,215,Macrolides,150,Texas
2016,2016,215,Macrolides,113,Utah
2016,2016,215,Macrolides,107,Vermont
2016,2016,215,Macrolides,135,Virginia
2016,2016,215,Macrolides,94,Washington
2016,2016,215,Macrolides,204,West Virginia
2016,2016,215,Macrolides,121,Wisconsin
2016,2016,215,Macrolides,138,Wyoming
2017,2017,215,Macrolides,142,United States
2017,2017,215,Macrolides,207,Alabama
2017,2017,215,Macrolides,93,Alaska
2017,2017,215,Macrolides,127,Arizona
2017,2017,215,Macrolides,189,Arkansas
2017,2017,215,Macrolides,106,California
2017,2017,215,Macrolides,89,Colorado
2017,2017,215,Macrolides,149,Connecticut
2017,2017,215,Macrolides,146,Delaware
2017,2017,215,Macrolides,146,District of Columbia
2017,2017,215,Macrolides,145,Florida
2017,2017,215,Macrolides,142,Georgia
2017,2017,215,Macrolides,124,Hawaii
2017,2017,215,Macrolides,107,Idaho
2017,2017,215,Macrolides,146,Illinois
2017,2017,215,Macrolides,148,Indiana
2017,2017,215,Macrolides,162,Iowa
2017,2017,215,Macrolides,146,Kansas
2017,2017,215,Macrolides,209,Kentucky
2017,2017,215,Macrolides,223,Louisiana
2017,2017,215,Macrolides,121,Maine
2017,2017,215,Macrolides,131,Maryland
2017,2017,215,Macrolides,121,Massachusetts
2017,2017,215,Macrolides,158,Michigan
2017,2017,215,Macrolides,104,Minnesota
2017,2017,215,Macrolides,234,Mississippi
2017,2017,215,Macrolides,141,Missouri
2017,2017,215,Macrolides,102,Montana
2017,2017,215,Macrolides,143,Nebraska
2017,2017,215,Macrolides,129,Nevada
2017,2017,215,Macrolides,111,New Hampshire
2017,2017,215,Macrolides,181,New Jersey
2017,2017,215,Macrolides,119,New Mexico
2017,2017,215,Macrolides,168,New York
2017,2017,215,Macrolides,129,North Carolina
2017,2017,215,Macrolides,122,North Dakota
2017,2017,215,Macrolides,154,Ohio
2017,2017,215,Macrolides,156,Oklahoma
2017,2017,215,Macrolides,77,Oregon
2017,2017,215,Macrolides,148,Pennsylvania
2017,2017,215,Macrolides,168,Rhode Island
2017,2017,215,Macrolides,153,South Carolina
2017,2017,215,Macrolides,139,South Dakota
2017,2017,215,Macrolides,187,Tennessee
2017,2017,215,Macrolides,152,Texas
2017,2017,215,Macrolides,105,Utah
2017,2017,215,Macrolides,106,Vermont
2017,2017,215,Macrolides,128,Virginia
2017,2017,215,Macrolides,87,Washington
2017,2017,215,Macrolides,195,West Virginia
2017,2017,215,Macrolides,107,Wisconsin
2017,2017,215,Macrolides,136,Wyoming
2018,2018,215,Macrolides,128,United States
2018,2018,215,Macrolides,197,Alabama
2018,2018,215,Macrolides,80,Alaska
2018,2018,215,Macrolides,112,Arizona
2018,2018,215,Macrolides,165,Arkansas
2018,2018,215,Macrolides,93,California
2018,2018,215,Macrolides,78,Colorado
2018,2018,215,Macrolides,139,Connecticut
2018,2018,215,Macrolides,132,Delaware
2018,2018,215,Macrolides,134,District of Columbia
2018,2018,215,Macrolides,138,Florida
2018,2018,215,Macrolides,137,Georgia
2018,2018,215,Macrolides,116,Hawaii
2018,2018,215,Macrolides,99,Idaho
2018,2018,215,Macrolides,130,Illinois
2018,2018,215,Macrolides,127,Indiana
2018,2018,215,Macrolides,145,Iowa
2018,2018,215,Macrolides,131,Kansas
2018,2018,215,Macrolides,181,Kentucky
2018,2018,215,Macrolides,202,Louisiana
2018,2018,215,Macrolides,110,Maine
2018,2018,215,Macrolides,120,Maryland
2018,2018,215,Macrolides,112,Massachusetts
2018,2018,215,Macrolides,138,Michigan
2018,2018,215,Macrolides,91,Minnesota
2018,2018,215,Macrolides,214,Mississippi
2018,2018,215,Macrolides,121,Missouri
2018,2018,215,Macrolides,93,Montana
2018,2018,215,Macrolides,134,Nebraska
2018,2018,215,Macrolides,116,Nevada
2018,2018,215,Macrolides,96,New Hampshire
2018,2018,215,Macrolides,170,New Jersey
2018,2018,215,Macrolides,112,New Mexico
2018,2018,215,Macrolides,157,New York
2018,2018,215,Macrolides,112,North Carolina
2018,2018,215,Macrolides,103,North Dakota
2018,2018,215,Macrolides,136,Ohio
2018,2018,215,Macrolides,146,Oklahoma
2018,2018,215,Macrolides,67,Oregon
2018,2018,215,Macrolides,131,Pennsylvania
2018,2018,215,Macrolides,151,Rhode Island
2018,2018,215,Macrolides,142,South Carolina
2018,2018,215,Macrolides,127,South Dakota
2018,2018,215,Macrolides,165,Tennessee
2018,2018,215,Macrolides,141,Texas
2018,2018,215,Macrolides,93,Utah
2018,2018,215,Macrolides,90,Vermont
2018,2018,215,Macrolides,113,Virginia
2018,2018,215,Macrolides,77,Washington
2018,2018,215,Macrolides,165,West Virginia
2018,2018,215,Macrolides,91,Wisconsin
2018,2018,215,Macrolides,134,Wyoming
2011,2011,208,Penicillins,196,United States
2011,2011,208,Penicillins,213,Alabama
2011,2011,208,Penicillins,129,Alaska
2011,2011,208,Penicillins,173,Arizona
2011,2011,208,Penicillins,224,Arkansas
2011,2011,208,Penicillins,156,California
2011,2011,208,Penicillins,164,Colorado
2011,2011,208,Penicillins,190,Connecticut
2011,2011,208,Penicillins,234,Delaware
2011,2011,208,Penicillins,235,District of Columbia
2011,2011,208,Penicillins,152,Florida
2011,2011,208,Penicillins,194,Georgia
2011,2011,208,Penicillins,155,Hawaii
2011,2011,208,Penicillins,171,Idaho
2011,2011,208,Penicillins,225,Illinois
2011,2011,208,Penicillins,246,Indiana
2011,2011,208,Penicillins,188,Iowa
2011,2011,208,Penicillins,222,Kansas
2011,2011,208,Penicillins,283,Kentucky
2011,2011,208,Penicillins,234,Louisiana
2011,2011,208,Penicillins,174,Maine
2011,2011,208,Penicillins,205,Maryland
2011,2011,208,Penicillins,213,Massachusetts
2011,2011,208,Penicillins,263,Michigan
2011,2011,208,Penicillins,186,Minnesota
2011,2011,208,Penicillins,221,Mississippi
2011,2011,208,Penicillins,228,Missouri
2011,2011,208,Penicillins,159,Montana
2011,2011,208,Penicillins,213,Nebraska
2011,2011,208,Penicillins,161,Nevada
2011,2011,208,Penicillins,174,New Hampshire
2011,2011,208,Penicillins,211,New Jersey
2011,2011,208,Penicillins,165,New Mexico
2011,2011,208,Penicillins,199,New York
2011,2011,208,Penicillins,197,North Carolina
2011,2011,208,Penicillins,207,North Dakota
2011,2011,208,Penicillins,215,Ohio
2011,2011,208,Penicillins,191,Oklahoma
2011,2011,208,Penicillins,147,Oregon
2011,2011,208,Penicillins,197,Pennsylvania
2011,2011,208,Penicillins,210,Rhode Island
2011,2011,208,Penicillins,199,South Carolina
2011,2011,208,Penicillins,184,South Dakota
2011,2011,208,Penicillins,241,Tennessee
2011,2011,208,Penicillins,204,Texas
2011,2011,208,Penicillins,220,Utah
2011,2011,208,Penicillins,173,Vermont
2011,2011,208,Penicillins,193,Virginia
2011,2011,208,Penicillins,142,Washington
2011,2011,208,Penicillins,268,West Virginia
2011,2011,208,Penicillins,193,Wisconsin
2011,2011,208,Penicillins,169,Wyoming
2012,2012,208,Penicillins,190,United States
2012,2012,208,Penicillins,220,Alabama
2012,2012,208,Penicillins,118,Alaska
2012,2012,208,Penicillins,167,Arizona
2012,2012,208,Penicillins,236,Arkansas
2012,2012,208,Penicillins,145,California
2012,2012,208,Penicillins,158,Colorado
2012,2012,208,Penicillins,192,Connecticut
2012,2012,208,Penicillins,225,Delaware
2012,2012,208,Penicillins,236,District of Columbia
2012,2012,208,Penicillins,147,Florida
2012,2012,208,Penicillins,196,Georgia
2012,2012,208,Penicillins,154,Hawaii
2012,2012,208,Penicillins,166,Idaho
2012,2012,208,Penicillins,214,Illinois
2012,2012,208,Penicillins,219,Indiana
2012,2012,208,Penicillins,206,Iowa
2012,2012,208,Penicillins,212,Kansas
2012,2012,208,Penicillins,275,Kentucky
2012,2012,208,Penicillins,237,Louisiana
2012,2012,208,Penicillins,166,Maine
2012,2012,208,Penicillins,197,Maryland
2012,2012,208,Penicillins,206,Massachusetts
2012,2012,208,Penicillins,206,Michigan
2012,2012,208,Penicillins,169,Minnesota
2012,2012,208,Penicillins,229,Mississippi
2012,2012,208,Penicillins,220,Missouri
2012,2012,208,Penicillins,156,Montana
2012,2012,208,Penicillins,224,Nebraska
2012,2012,208,Penicillins,161,Nevada
2012,2012,208,Penicillins,172,New Hampshire
2012,2012,208,Penicillins,207,New Jersey
2012,2012,208,Penicillins,164,New Mexico
2012,2012,208,Penicillins,199,New York
2012,2012,208,Penicillins,200,North Carolina
2012,2012,208,Penicillins,194,North Dakota
2012,2012,208,Penicillins,196,Ohio
2012,2012,208,Penicillins,205,Oklahoma
2012,2012,208,Penicillins,135,Oregon
2012,2012,208,Penicillins,191,Pennsylvania
2012,2012,208,Penicillins,213,Rhode Island
2012,2012,208,Penicillins,206,South Carolina
2012,2012,208,Penicillins,192,South Dakota
2012,2012,208,Penicillins,233,Tennessee
2012,2012,208,Penicillins,209,Texas
2012,2012,208,Penicillins,222,Utah
2012,2012,208,Penicillins,166,Vermont
2012,2012,208,Penicillins,190,Virginia
2012,2012,208,Penicillins,132,Washington
2012,2012,208,Penicillins,260,West Virginia
2012,2012,208,Penicillins,183,Wisconsin
2012,2012,208,Penicillins,174,Wyoming
2013,2013,208,Penicillins,192,United States
2013,2013,208,Penicillins,222,Alabama
2013,2013,208,Penicillins,105,Alaska
2013,2013,208,Penicillins,166,Arizona
2013,2013,208,Penicillins,257,Arkansas
2013,2013,208,Penicillins,148,California
2013,2013,208,Penicillins,157,Colorado
2013,2013,208,Penicillins,188,Connecticut
2013,2013,208,Penicillins,224,Delaware
2013,2013,208,Penicillins,225,District of Columbia
2013,2013,208,Penicillins,148,Florida
2013,2013,208,Penicillins,196,Georgia
2013,2013,208,Penicillins,147,Hawaii
2013,2013,208,Penicillins,163,Idaho
2013,2013,208,Penicillins,210,Illinois
2013,2013,208,Penicillins,223,Indiana
2013,2013,208,Penicillins,206,Iowa
2013,2013,208,Penicillins,206,Kansas
2013,2013,208,Penicillins,274,Kentucky
2013,2013,208,Penicillins,246,Louisiana
2013,2013,208,Penicillins,162,Maine
2013,2013,208,Penicillins,193,Maryland
2013,2013,208,Penicillins,194,Massachusetts
2013,2013,208,Penicillins,231,Michigan
2013,2013,208,Penicillins,172,Minnesota
2013,2013,208,Penicillins,235,Mississippi
2013,2013,208,Penicillins,220,Missouri
2013,2013,208,Penicillins,146,Montana
2013,2013,208,Penicillins,223,Nebraska
2013,2013,208,Penicillins,164,Nevada
2013,2013,208,Penicillins,170,New Hampshire
2013,2013,208,Penicillins,210,New Jersey
2013,2013,208,Penicillins,162,New Mexico
2013,2013,208,Penicillins,207,New York
2013,2013,208,Penicillins,193,North Carolina
2013,2013,208,Penicillins,178,North Dakota
2013,2013,208,Penicillins,220,Ohio
2013,2013,208,Penicillins,204,Oklahoma
2013,2013,208,Penicillins,132,Oregon
2013,2013,208,Penicillins,215,Pennsylvania
2013,2013,208,Penicillins,202,Rhode Island
2013,2013,208,Penicillins,204,South Carolina
2013,2013,208,Penicillins,182,South Dakota
2013,2013,208,Penicillins,229,Tennessee
2013,2013,208,Penicillins,205,Texas
2013,2013,208,Penicillins,217,Utah
2013,2013,208,Penicillins,160,Vermont
2013,2013,208,Penicillins,187,Virginia
2013,2013,208,Penicillins,131,Washington
2013,2013,208,Penicillins,260,West Virginia
2013,2013,208,Penicillins,176,Wisconsin
2013,2013,208,Penicillins,174,Wyoming
2014,2014,208,Penicillins,191,United States
2014,2014,208,Penicillins,216,Alabama
2014,2014,208,Penicillins,104,Alaska
2014,2014,208,Penicillins,159,Arizona
2014,2014,208,Penicillins,252,Arkansas
2014,2014,208,Penicillins,143,California
2014,2014,208,Penicillins,157,Colorado
2014,2014,208,Penicillins,187,Connecticut
2014,2014,208,Penicillins,218,Delaware
2014,2014,208,Penicillins,217,District of Columbia
2014,2014,208,Penicillins,145,Florida
2014,2014,208,Penicillins,190,Georgia
2014,2014,208,Penicillins,144,Hawaii
2014,2014,208,Penicillins,159,Idaho
2014,2014,208,Penicillins,209,Illinois
2014,2014,208,Penicillins,215,Indiana
2014,2014,208,Penicillins,214,Iowa
2014,2014,208,Penicillins,208,Kansas
2014,2014,208,Penicillins,282,Kentucky
2014,2014,208,Penicillins,245,Louisiana
2014,2014,208,Penicillins,161,Maine
2014,2014,208,Penicillins,193,Maryland
2014,2014,208,Penicillins,192,Massachusetts
2014,2014,208,Penicillins,230,Michigan
2014,2014,208,Penicillins,177,Minnesota
2014,2014,208,Penicillins,233,Mississippi
2014,2014,208,Penicillins,216,Missouri
2014,2014,208,Penicillins,141,Montana
2014,2014,208,Penicillins,227,Nebraska
2014,2014,208,Penicillins,165,Nevada
2014,2014,208,Penicillins,170,New Hampshire
2014,2014,208,Penicillins,212,New Jersey
2014,2014,208,Penicillins,167,New Mexico
2014,2014,208,Penicillins,209,New York
2014,2014,208,Penicillins,187,North Carolina
2014,2014,208,Penicillins,177,North Dakota
2014,2014,208,Penicillins,223,Ohio
2014,2014,208,Penicillins,208,Oklahoma
2014,2014,208,Penicillins,131,Oregon
2014,2014,208,Penicillins,214,Pennsylvania
2014,2014,208,Penicillins,203,Rhode Island
2014,2014,208,Penicillins,197,South Carolina
2014,2014,208,Penicillins,191,South Dakota
2014,2014,208,Penicillins,227,Tennessee
2014,2014,208,Penicillins,208,Texas
2014,2014,208,Penicillins,208,Utah
2014,2014,208,Penicillins,153,Vermont
2014,2014,208,Penicillins,182,Virginia
2014,2014,208,Penicillins,131,Washington
2014,2014,208,Penicillins,261,West Virginia
2014,2014,208,Penicillins,177,Wisconsin
2014,2014,208,Penicillins,171,Wyoming
2015,2015,208,Penicillins,192,United States
2015,2015,208,Penicillins,219,Alabama
2015,2015,208,Penicillins,108,Alaska
2015,2015,208,Penicillins,166,Arizona
2015,2015,208,Penicillins,251,Arkansas
2015,2015,208,Penicillins,148,California
2015,2015,208,Penicillins,159,Colorado
2015,2015,208,Penicillins,190,Connecticut
2015,2015,208,Penicillins,212,Delaware
2015,2015,208,Penicillins,214,District of Columbia
2015,2015,208,Penicillins,140,Florida
2015,2015,208,Penicillins,189,Georgia
2015,2015,208,Penicillins,140,Hawaii
2015,2015,208,Penicillins,165,Idaho
2015,2015,208,Penicillins,210,Illinois
2015,2015,208,Penicillins,218,Indiana
2015,2015,208,Penicillins,221,Iowa
2015,2015,208,Penicillins,214,Kansas
2015,2015,208,Penicillins,281,Kentucky
2015,2015,208,Penicillins,249,Louisiana
2015,2015,208,Penicillins,160,Maine
2015,2015,208,Penicillins,192,Maryland
2015,2015,208,Penicillins,188,Massachusetts
2015,2015,208,Penicillins,229,Michigan
2015,2015,208,Penicillins,176,Minnesota
2015,2015,208,Penicillins,243,Mississippi
2015,2015,208,Penicillins,219,Missouri
2015,2015,208,Penicillins,145,Montana
2015,2015,208,Penicillins,236,Nebraska
2015,2015,208,Penicillins,167,Nevada
2015,2015,208,Penicillins,173,New Hampshire
2015,2015,208,Penicillins,209,New Jersey
2015,2015,208,Penicillins,174,New Mexico
2015,2015,208,Penicillins,208,New York
2015,2015,208,Penicillins,190,North Carolina
2015,2015,208,Penicillins,178,North Dakota
2015,2015,208,Penicillins,223,Ohio
2015,2015,208,Penicillins,209,Oklahoma
2015,2015,208,Penicillins,134,Oregon
2015,2015,208,Penicillins,216,Pennsylvania
2015,2015,208,Penicillins,197,Rhode Island
2015,2015,208,Penicillins,200,South Carolina
2015,2015,208,Penicillins,202,South Dakota
2015,2015,208,Penicillins,230,Tennessee
2015,2015,208,Penicillins,208,Texas
2015,2015,208,Penicillins,213,Utah
2015,2015,208,Penicillins,159,Vermont
2015,2015,208,Penicillins,185,Virginia
2015,2015,208,Penicillins,133,Washington
2015,2015,208,Penicillins,266,West Virginia
2015,2015,208,Penicillins,177,Wisconsin
2015,2015,208,Penicillins,179,Wyoming
2016,2016,208,Penicillins,196,United States
2016,2016,208,Penicillins,238,Alabama
2016,2016,208,Penicillins,111,Alaska
2016,2016,208,Penicillins,163,Arizona
2016,2016,208,Penicillins,249,Arkansas
2016,2016,208,Penicillins,142,California
2016,2016,208,Penicillins,150,Colorado
2016,2016,208,Penicillins,197,Connecticut
2016,2016,208,Penicillins,216,Delaware
2016,2016,208,Penicillins,212,District of Columbia
2016,2016,208,Penicillins,197,Florida
2016,2016,208,Penicillins,221,Georgia
2016,2016,208,Penicillins,133,Hawaii
2016,2016,208,Penicillins,157,Idaho
2016,2016,208,Penicillins,210,Illinois
2016,2016,208,Penicillins,219,Indiana
2016,2016,208,Penicillins,217,Iowa
2016,2016,208,Penicillins,206,Kansas
2016,2016,208,Penicillins,287,Kentucky
2016,2016,208,Penicillins,254,Louisiana
2016,2016,208,Penicillins,157,Maine
2016,2016,208,Penicillins,193,Maryland
2016,2016,208,Penicillins,189,Massachusetts
2016,2016,208,Penicillins,226,Michigan
2016,2016,208,Penicillins,175,Minnesota
2016,2016,208,Penicillins,243,Mississippi
2016,2016,208,Penicillins,214,Missouri
2016,2016,208,Penicillins,137,Montana
2016,2016,208,Penicillins,246,Nebraska
2016,2016,208,Penicillins,168,Nevada
2016,2016,208,Penicillins,169,New Hampshire
2016,2016,208,Penicillins,214,New Jersey
2016,2016,208,Penicillins,174,New Mexico
2016,2016,208,Penicillins,214,New York
2016,2016,208,Penicillins,191,North Carolina
2016,2016,208,Penicillins,164,North Dakota
2016,2016,208,Penicillins,227,Ohio
2016,2016,208,Penicillins,201,Oklahoma
2016,2016,208,Penicillins,125,Oregon
2016,2016,208,Penicillins,219,Pennsylvania
2016,2016,208,Penicillins,205,Rhode Island
2016,2016,208,Penicillins,217,South Carolina
2016,2016,208,Penicillins,211,South Dakota
2016,2016,208,Penicillins,240,Tennessee
2016,2016,208,Penicillins,201,Texas
2016,2016,208,Penicillins,205,Utah
2016,2016,208,Penicillins,155,Vermont
2016,2016,208,Penicillins,186,Virginia
2016,2016,208,Penicillins,128,Washington
2016,2016,208,Penicillins,258,West Virginia
2016,2016,208,Penicillins,173,Wisconsin
2016,2016,208,Penicillins,168,Wyoming
2017,2017,208,Penicillins,194,United States
2017,2017,208,Penicillins,242,Alabama
2017,2017,208,Penicillins,110,Alaska
2017,2017,208,Penicillins,161,Arizona
2017,2017,208,Penicillins,240,Arkansas
2017,2017,208,Penicillins,141,California
2017,2017,208,Penicillins,145,Colorado
2017,2017,208,Penicillins,196,Connecticut
2017,2017,208,Penicillins,209,Delaware
2017,2017,208,Penicillins,216,District of Columbia
2017,2017,208,Penicillins,191,Florida
2017,2017,208,Penicillins,217,Georgia
2017,2017,208,Penicillins,134,Hawaii
2017,2017,208,Penicillins,154,Idaho
2017,2017,208,Penicillins,209,Illinois
2017,2017,208,Penicillins,213,Indiana
2017,2017,208,Penicillins,209,Iowa
2017,2017,208,Penicillins,202,Kansas
2017,2017,208,Penicillins,280,Kentucky
2017,2017,208,Penicillins,260,Louisiana
2017,2017,208,Penicillins,152,Maine
2017,2017,208,Penicillins,190,Maryland
2017,2017,208,Penicillins,188,Massachusetts
2017,2017,208,Penicillins,224,Michigan
2017,2017,208,Penicillins,168,Minnesota
2017,2017,208,Penicillins,246,Mississippi
2017,2017,208,Penicillins,208,Missouri
2017,2017,208,Penicillins,133,Montana
2017,2017,208,Penicillins,231,Nebraska
2017,2017,208,Penicillins,166,Nevada
2017,2017,208,Penicillins,171,New Hampshire
2017,2017,208,Penicillins,213,New Jersey
2017,2017,208,Penicillins,167,New Mexico
2017,2017,208,Penicillins,215,New York
2017,2017,208,Penicillins,193,North Carolina
2017,2017,208,Penicillins,159,North Dakota
2017,2017,208,Penicillins,224,Ohio
2017,2017,208,Penicillins,204,Oklahoma
2017,2017,208,Penicillins,117,Oregon
2017,2017,208,Penicillins,217,Pennsylvania
2017,2017,208,Penicillins,202,Rhode Island
2017,2017,208,Penicillins,213,South Carolina
2017,2017,208,Penicillins,203,South Dakota
2017,2017,208,Penicillins,240,Tennessee
2017,2017,208,Penicillins,202,Texas
2017,2017,208,Penicillins,195,Utah
2017,2017,208,Penicillins,152,Vermont
2017,2017,208,Penicillins,188,Virginia
2017,2017,208,Penicillins,124,Washington
2017,2017,208,Penicillins,258,West Virginia
2017,2017,208,Penicillins,167,Wisconsin
2017,2017,208,Penicillins,174,Wyoming
2018,2018,208,Penicillins,185,United States
2018,2018,208,Penicillins,235,Alabama
2018,2018,208,Penicillins,101,Alaska
2018,2018,208,Penicillins,152,Arizona
2018,2018,208,Penicillins,230,Arkansas
2018,2018,208,Penicillins,134,California
2018,2018,208,Penicillins,134,Colorado
2018,2018,208,Penicillins,192,Connecticut
2018,2018,208,Penicillins,204,Delaware
2018,2018,208,Penicillins,203,District of Columbia
2018,2018,208,Penicillins,190,Florida
2018,2018,208,Penicillins,213,Georgia
2018,2018,208,Penicillins,128,Hawaii
2018,2018,208,Penicillins,146,Idaho
2018,2018,208,Penicillins,198,Illinois
2018,2018,208,Penicillins,197,Indiana
2018,2018,208,Penicillins,199,Iowa
2018,2018,208,Penicillins,194,Kansas
2018,2018,208,Penicillins,266,Kentucky
2018,2018,208,Penicillins,251,Louisiana
2018,2018,208,Penicillins,146,Maine
2018,2018,208,Penicillins,183,Maryland
2018,2018,208,Penicillins,180,Massachusetts
2018,2018,208,Penicillins,207,Michigan
2018,2018,208,Penicillins,159,Minnesota
2018,2018,208,Penicillins,232,Mississippi
2018,2018,208,Penicillins,191,Missouri
2018,2018,208,Penicillins,126,Montana
2018,2018,208,Penicillins,226,Nebraska
2018,2018,208,Penicillins,162,Nevada
2018,2018,208,Penicillins,161,New Hampshire
2018,2018,208,Penicillins,208,New Jersey
2018,2018,208,Penicillins,166,New Mexico
2018,2018,208,Penicillins,213,New York
2018,2018,208,Penicillins,180,North Carolina
2018,2018,208,Penicillins,150,North Dakota
2018,2018,208,Penicillins,208,Ohio
2018,2018,208,Penicillins,201,Oklahoma
2018,2018,208,Penicillins,110,Oregon
2018,2018,208,Penicillins,207,Pennsylvania
2018,2018,208,Penicillins,196,Rhode Island
2018,2018,208,Penicillins,203,South Carolina
2018,2018,208,Penicillins,200,South Dakota
2018,2018,208,Penicillins,228,Tennessee
2018,2018,208,Penicillins,197,Texas
2018,2018,208,Penicillins,184,Utah
2018,2018,208,Penicillins,146,Vermont
2018,2018,208,Penicillins,175,Virginia
2018,2018,208,Penicillins,116,Washington
2018,2018,208,Penicillins,240,West Virginia
2018,2018,208,Penicillins,155,Wisconsin
2018,2018,208,Penicillins,180,Wyoming
